Time[mSeconds],Pressure[PSI],Temperature[DegC]
550,0,19.5
768,0,19.5
968,0,19.5
1170,0,19.5
1371,0,19.5
1572,0,19.5
1773,0,19.5
1975,0,19.5
2176,0,19.5
2377,0,19.25
2578,0,19.25
2780,0,19.5
2981,0,19.5
3182,0,19.25
3384,0,19.25
3585,0,19.5
3786,0,19.5
3987,0,19.5
4189,0,19.25
4389,0,19.5
4591,0,19.25
4792,0,19.5
4994,0,19.5
5195,0,19.25
5396,0,19.5
5598,0,19.25
5798,0,19.25
6000,0,19.5
6201,0,19.5
6403,0,19.5
6603,0,19.5
6805,0,19.5
7007,0,19.25
7207,0,19.5
7409,0,19.25
7610,0,19.25
7812,0,19.5
8012,0,19.5
8214,0,19.5
8415,0,19.5
8616,0,19.5
8817,0,19.25
9019,0,19.5
9221,0,19.25
9421,0,19.25
9623,0,19.5
9824,0,19.5
10025,0,19.25
10226,0,19.25
10428,0,19.25
10630,0,19.5
10830,0,19.25
11032,0,19.5
11233,0,19.25
11435,0,19.5
11636,0,19.5
11837,0,19.5
12039,0,19.5
12239,0,19.5
12441,0,19.5
12643,0,19.5
12844,0,19.5
13045,0,19.5
13246,0,19.5
13448,0,19.5
13648,0,19.5
13850,0,19.5
14052,0,19.5
14253,0,19.5
14454,0,19.5
14655,0,19.5
14857,0,19.5
15058,0,19.5
15259,0,19.5
15461,0,19.5
15662,0,19.5
15863,0,19.5
16065,0,19.5
16266,0,19.5
16467,0,19.5
16668,0,19.5
16870,0,19.5
17071,0,19.5
17272,0,19.5
17474,0,19.5
17675,0,19.5
17876,0,19.5
18077,0,19.5
18279,0,19.5
18481,0,19.5
18681,0,19.5
18883,0,19.5
19084,0,19.5
19286,0,19.5
19487,0,19.5
19688,0,19.5
19890,0,19.5
20090,0,19.5
20292,0,19.5
20494,0,19.5
20695,0,19.5
20896,0,19.5
21097,0,19.5
21299,0,19.5
21499,0,19.5
21701,0,19.5
21903,0,19.5
22104,0,19.5
22305,0,19.5
22506,0,19.25
22708,0,19.25
22909,0,19.5
23110,0,19.5
23312,0,19.25
23513,0,19.5
23714,0,19.5
23916,0,19.5
24117,0,19.25
24318,0,19.5
24519,0,19.5
24721,0,19.5
24923,0,19.25
25123,0,19.25
25325,0,19.5
25526,0,19.5
25728,0,19.5
25929,0,19.25
26130,0,19.5
26332,0,19.25
26532,0,19.25
26734,0,19.5
26935,0,19.25
27137,0,19.5
27338,0,19.25
27539,0,19.5
27741,0,19.25
27941,0,19.25
28143,0,19.5
28345,0,19.25
28546,0,19.25
28747,0,19.25
28948,0,19.5
29150,0,19.5
29351,0,19.25
29552,0,19.25
29754,0,19.25
29955,0,19.5
30156,0,19.5
30358,0,19.25
30559,0,19.25
30760,0,19.5
30961,0,19.5
31163,0,19.25
31365,0,19.25
31565,0,19.5
31767,0,19.5
31968,0,19.25
32169,0,19.25
32371,0,19.5
32572,0,19.5
32774,0,19.5
32974,0,19.5
33176,0,19.5
33377,0,19.5
33579,0,19.5
33780,0,19.5
33981,0,19.25
34183,0,19.25
34383,0,19.5
34585,0,19.25
34787,0,19.25
34988,0,19.5
35189,0,19.25
35390,0,19.5
35592,0,19.25
35793,0,19.25
35994,0,19.25
36196,0,19.25
36397,0,19.25
36598,0,19.5
36800,0,19.25
37001,0,19.5
37202,0,19.5
37403,0,19.25
37605,0,19.25
37807,0,19.5
38007,0,19.5
38209,0,19.5
38410,0,19.25
38611,0,19.5
38813,2.93,19.5
39014,2.93,19.5
39216,11.73,19.5
39417,14.66,19.5
39618,20.53,19.5
39820,29.33,19.25
40022,38.12,19.5
40222,41.06,19.5
40424,46.92,19.5
40626,46.92,19.25
40826,52.79,19.25
41028,52.79,19.5
41230,49.85,19.5
41431,49.85,19.5
41632,49.85,19.5
41834,49.85,19.5
42036,49.85,19.25
42236,55.72,19.5
42438,52.79,19.5
42640,52.79,19.5
42841,49.85,19.5
43042,49.85,19.5
43244,49.85,19.5
43445,49.85,19.5
43646,49.85,19.5
43848,49.85,19.5
44049,49.85,19.5
44251,49.85,19.25
44452,49.85,19.25
44653,52.79,19.5
44855,49.85,19.25
45057,49.85,19.25
45258,55.72,19.25
45459,49.85,19.25
45661,49.85,19.25
45862,49.85,19.5
46063,49.85,19.25
46265,49.85,19.25
46467,49.85,19.25
46667,49.85,19.25
46869,49.85,19.25
47071,46.92,19.25
47271,49.85,19.25
47473,46.92,19.25
47675,49.85,19.25
47877,49.85,19.25
48077,49.85,19.25
48279,46.92,19.25
48481,49.85,19.25
48681,49.85,19.25
48883,49.85,19.25
49085,49.85,19.25
49286,49.85,19.25
49487,55.72,19.5
49689,46.92,19.25
49890,49.85,19.25
50092,49.85,19.5
50293,49.85,19.5
50494,46.92,19.25
50696,46.92,19.25
50897,46.92,19.25
51099,46.92,19.25
51300,49.85,19.5
51502,46.92,19.25
51703,52.79,19.25
51904,49.85,19.25
52106,46.92,19.25
52307,46.92,19.25
52508,46.92,19.5
52710,49.85,19.5
52912,49.85,19.25
53112,46.92,19.25
53314,46.92,19.25
53516,46.92,19.5
53718,46.92,19.25
53918,46.92,19.25
54120,46.92,19.5
54322,49.85,19.5
54522,46.92,19.25
54724,49.85,19.5
54926,46.92,19.25
55127,49.85,19.25
55328,46.92,19.5
55530,46.92,19.25
55731,49.85,19.5
55932,46.92,19.5
56134,46.92,19.5
56335,43.99,19.5
56537,46.92,19.5
56738,46.92,19.5
56940,46.92,19.25
57141,52.79,19.5
57342,46.92,19.5
57544,46.92,19.25
57745,46.92,19.5
57947,49.85,19.5
58148,49.85,19.25
58349,49.85,19.5
58551,49.85,19.5
58753,46.92,19.25
58953,49.85,19.25
59155,46.92,19.5
59357,55.72,19.25
59557,46.92,19.5
59759,46.92,19.5
59961,46.92,19.25
60163,43.99,19.5
60363,46.92,19.5
60565,46.92,19.25
60767,49.85,19.25
60967,49.85,19.25
61169,52.79,19.25
61371,46.92,19.25
61572,46.92,19.25
61773,46.92,19.5
61975,46.92,19.25
62176,46.92,19.25
62377,46.92,19.5
62579,46.92,19.25
62781,46.92,19.25
62982,46.92,19.5
63183,46.92,19.25
63385,46.92,19.5
63586,46.92,19.5
63788,46.92,19.5
63989,49.85,19.5
64190,46.92,19.25
64392,49.85,19.25
64593,43.99,19.25
64794,46.92,19.25
64996,43.99,19.25
65198,46.92,19.25
65399,46.92,19.25
65600,46.92,19.25
65802,49.85,19.25
66003,46.92,19.5
66204,49.85,19.5
66406,46.92,19.5
66608,46.92,19.5
66808,46.92,19.5
67010,46.92,19.25
67212,46.92,19.5
67412,43.99,19.5
67614,46.92,19.25
67816,46.92,19.5
68017,46.92,19.25
68218,49.85,19.5
68420,46.92,19.5
68622,46.92,19.5
68823,46.92,19.5
69024,46.92,19.25
69226,46.92,19.25
69427,46.92,19.5
69628,46.92,19.25
69830,46.92,19.5
70031,46.92,19.5
70233,46.92,19.25
70434,46.92,19.5
70635,46.92,19.5
70837,49.85,19.5
71038,46.92,19.25
71239,46.92,19.5
71441,49.85,19.5
71643,46.92,19.25
71844,46.92,19.5
72045,46.92,19.25
72247,46.92,19.5
72449,46.92,19.5
72649,46.92,19.25
72851,46.92,19.5
73053,46.92,19.5
73253,43.99,19.5
73455,46.92,19.5
73657,49.85,19.5
73858,46.92,19.5
74059,52.79,19.5
74261,46.92,19.5
74462,46.92,19.5
74663,46.92,19.25
74865,46.92,19.5
75067,46.92,19.5
75268,43.99,19.25
75469,49.85,19.5
75671,46.92,19.25
75872,46.92,19.5
76073,46.92,19.25
76275,46.92,19.5
76476,46.92,19.5
76678,46.92,19.5
76879,46.92,19.5
77080,46.92,19.25
77282,55.72,19.25
77484,43.99,19.5
77685,46.92,19.5
77886,46.92,19.5
78088,46.92,19.25
78289,46.92,19.25
78490,46.92,19.5
78692,46.92,19.25
78894,46.92,19.5
79094,49.85,19.25
79296,46.92,19.5
79498,46.92,19.5
79698,46.92,19.5
79900,46.92,19.25
80102,49.85,19.25
80303,49.85,19.25
80504,46.92,19.5
80706,46.92,19.25
80908,46.92,19.5
81108,43.99,19.5
81310,46.92,19.25
81512,52.79,19.25
81713,46.92,19.25
81914,46.92,19.25
82116,46.92,19.25
82317,49.85,19.25
82519,46.92,19.25
82720,46.92,19.5
82921,46.92,19.25
83123,46.92,19.25
83324,46.92,19.25
83526,49.85,19.25
83727,46.92,19.25
83929,46.92,19.25
84130,46.92,19.25
84331,43.99,19.25
84533,46.92,19.25
84734,46.92,19.25
84935,46.92,19.25
85137,46.92,19.5
85339,52.79,19.25
85539,46.92,19.25
85741,46.92,19.25
85943,49.85,19.25
86145,52.79,19.25
86345,46.92,19.25
86547,46.92,19.25
86749,46.92,19.25
86949,49.85,19.25
87151,46.92,19.25
87353,46.92,19.25
87554,46.92,19.25
87755,46.92,19.25
87957,46.92,19.25
88158,49.85,19.25
88359,49.85,19.25
88561,49.85,19.25
88763,49.85,19.25
88964,49.85,19.25
89165,49.85,19.25
89367,49.85,19.25
89568,52.79,19.25
89769,49.85,19.25
89971,52.79,19.25
90172,52.79,19.25
90374,52.79,19.25
90575,52.79,19.25
90776,61.58,19.25
90978,49.85,19.25
91180,52.79,19.25
91381,52.79,19.25
91582,55.72,19.25
91784,52.79,19.25
91985,55.72,19.25
92186,55.72,19.25
92388,55.72,19.25
92590,52.79,19.25
92790,55.72,19.25
92992,55.72,19.25
93194,55.72,19.25
93395,55.72,19.25
93596,52.79,19.25
93798,55.72,19.25
94000,58.65,19.25
94200,58.65,19.25
94402,58.65,19.25
94604,58.65,19.25
94804,58.65,19.25
95006,55.72,19.25
95208,58.65,19.25
95409,70.38,19.25
95610,58.65,19.25
95812,61.58,19.25
96014,61.58,19.25
96215,61.58,19.25
96416,64.52,19.25
96618,61.58,19.25
96819,61.58,19.25
97020,64.52,19.25
97222,64.52,19.25
97423,61.58,19.25
97625,61.58,19.25
97826,64.52,19.25
98027,64.52,19.25
98229,61.58,19.25
98430,64.52,19.25
98632,61.58,19.25
98833,67.45,19.25
99035,64.52,19.25
99236,64.52,19.25
99437,73.31,19.25
99639,61.58,19.25
99841,67.45,19.25
100041,67.45,19.25
100243,67.45,19.25
100445,67.45,19.25
100646,64.52,19.25
100847,64.52,19.25
101049,67.45,19.25
101251,67.45,19.25
101452,67.45,19.25
101653,67.45,19.25
101855,64.52,19.25
102056,67.45,19.25
102258,76.25,19.25
102459,67.45,19.25
102661,64.52,19.25
102862,67.45,19.25
103063,70.38,19.25
103265,67.45,19.25
103467,70.38,19.25
103668,67.45,19.25
103869,67.45,19.25
104071,67.45,19.25
104272,70.38,19.25
104474,73.31,19.25
104675,67.45,19.25
104877,64.52,19.25
105078,70.38,19.25
105280,67.45,19.25
105481,67.45,19.25
105682,73.31,19.25
105884,67.45,19.25
106086,70.38,19.25
106287,67.45,19.25
106488,67.45,19.25
106690,67.45,19.25
106891,67.45,19.25
107092,64.52,19.25
107294,67.45,19.25
107496,67.45,19.25
107697,67.45,19
107898,70.38,19.25
108100,67.45,19.25
108302,70.38,19.25
108503,70.38,19
108704,67.45,19.25
108906,67.45,19.25
109108,70.38,19.25
109308,70.38,19
109510,67.45,19.25
109712,64.52,19.25
109913,67.45,19.25
110114,76.25,19.25
110316,67.45,19
110518,70.38,19.25
110718,67.45,19
110920,67.45,19.25
111122,70.38,19.25
111324,70.38,19.25
111524,67.45,19.25
111726,64.52,19.25
111928,67.45,19.25
112130,67.45,19
112330,67.45,19.25
112532,70.38,19.25
112734,67.45,19.25
112935,64.52,19.25
113136,67.45,19
113338,70.38,19.25
113540,73.31,19.25
113740,67.45,19.25
113942,67.45,19.25
114144,64.52,19
114345,67.45,19
114546,64.52,19.25
114748,67.45,19.25
114950,70.38,19.25
115151,67.45,19.25
115352,67.45,19.25
115554,67.45,19.25
115756,67.45,19.25
115957,67.45,19.25
116158,70.38,19.25
116360,67.45,19.25
116561,70.38,19.25
116763,67.45,19.25
116964,67.45,19.25
117166,67.45,19.25
117367,70.38,19.25
117568,64.52,19.25
117770,64.52,19
117971,67.45,19.25
118173,73.31,19.25
118374,67.45,19.25
118576,64.52,19.25
118777,67.45,19.25
118979,67.45,19.25
119180,67.45,19
119382,67.45,19.25
119583,67.45,19.25
119785,67.45,19.25
119986,70.38,19.25
120187,67.45,19
120389,67.45,19
120590,70.38,19
120792,64.52,19
120993,67.45,19.25
121195,67.45,19
121396,67.45,19.25
121597,70.38,19
121799,67.45,19.25
122001,67.45,19.25
122202,67.45,19
122403,67.45,19.25
122605,64.52,19.25
122807,67.45,19.25
123008,67.45,19.25
123209,67.45,19
123411,64.52,19.25
123612,67.45,19.25
123813,67.45,19
124015,70.38,19.25
124217,70.38,19.25
124418,64.52,19.25
124619,67.45,19.25
124821,67.45,19.25
125023,70.38,19.25
125223,70.38,19
125425,67.45,19.25
125627,64.52,19.25
125829,67.45,19
126029,67.45,19
126231,67.45,19.25
126433,70.38,19
126633,67.45,19
126835,67.45,19.25
127037,67.45,19
127239,70.38,19.25
127439,67.45,19.25
127641,64.52,19.25
127843,64.52,19.25
128045,67.45,19.25
128245,67.45,19
128447,67.45,19.25
128649,67.45,19.25
128850,64.52,19
129051,67.45,19.25
129253,64.52,19
129455,67.45,19
129655,70.38,19
129857,67.45,19.25
130059,67.45,19.25
130260,67.45,19.25
130461,67.45,19
130663,67.45,19
130865,64.52,19
131066,67.45,19.25
131267,61.58,19
131469,67.45,19
131671,64.52,19
131872,70.38,19
132073,64.52,19
132275,67.45,19
132476,70.38,19.25
132677,64.52,19
132879,67.45,19.25
133081,64.52,19.25
133282,67.45,19
133483,64.52,19
133685,67.45,19
133886,64.52,19.25
134088,67.45,19.25
134289,67.45,19.25
134491,64.52,19
134692,67.45,19
134893,67.45,19
135095,64.52,19
135297,67.45,19
135498,67.45,19
135699,61.58,19
135901,64.52,19.25
136102,70.38,19
136304,70.38,19
136505,64.52,19
136707,67.45,19.25
136908,64.52,19
137109,64.52,19
137311,64.52,19
137512,64.52,19
137714,64.52,19.25
137915,64.52,19
138117,67.45,19
138318,67.45,19
138520,61.58,19
138721,64.52,19.25
138923,67.45,19.25
139124,67.45,19.25
139326,73.31,19
139527,67.45,19.25
139728,67.45,19
139930,64.52,19.25
140131,67.45,19
140333,64.52,19
140534,67.45,19
140736,70.38,19.25
140937,67.45,19.25
141138,67.45,19
141340,64.52,19
141542,64.52,19
141743,64.52,19
141944,67.45,19.25
142146,64.52,19
142348,67.45,19
142548,67.45,19
142750,64.52,19
142952,67.45,19.25
143153,61.58,19
143354,67.45,19
143556,61.58,19.25
143758,64.52,19
143959,64.52,19
144160,64.52,19
144362,67.45,19
144564,67.45,19.25
144764,64.52,19
144966,70.38,19
145168,67.45,19
145369,67.45,19
145570,67.45,19
145772,67.45,19.25
145974,70.38,19
146174,64.52,19.25
146376,64.52,19
146578,64.52,19.25
146780,64.52,19
146980,67.45,19.25
147182,64.52,19
147384,64.52,19
147585,61.58,19.25
147786,67.45,19
147988,64.52,19.25
148190,67.45,19
148390,70.38,19.25
148592,67.45,19
148794,67.45,19
148996,67.45,19.25
149196,64.52,19
149398,73.31,19.25
149600,70.38,19
149801,70.38,19
150002,67.45,19.25
150204,64.52,19.25
150406,67.45,19.25
150606,64.52,19.25
150808,64.52,19
151010,64.52,19
151212,61.58,19.25
151412,64.52,19
151614,64.52,19
151816,70.38,19
152017,64.52,19
152218,64.52,19.25
152420,64.52,19
152622,64.52,19.25
152823,67.45,19
153024,67.45,19.25
153226,64.52,19
153427,67.45,19.25
153628,67.45,19.25
153830,67.45,19
154032,64.52,19.25
154233,67.45,19.25
154434,67.45,19
154636,64.52,19.25
154838,67.45,19
155039,64.52,19.25
155240,64.52,19
155442,64.52,19.25
155643,70.38,19.25
155845,64.52,19
156046,64.52,19
156248,64.52,19
156449,64.52,19
156650,64.52,19
156852,67.45,19
157053,64.52,19
157255,64.52,19
157456,64.52,19
157658,64.52,19.25
157859,73.31,19.25
158061,67.45,19
158262,67.45,19
158464,64.52,19
158665,64.52,19
158867,64.52,19.25
159068,67.45,19
159269,67.45,19
159471,64.52,19
159672,61.58,19.25
159874,64.52,19.25
160075,64.52,19
160277,64.52,19
160478,67.45,19.25
160679,67.45,19
160881,64.52,19
161083,64.52,19.25
161284,64.52,19.25
161485,64.52,19
161687,64.52,19.25
161888,64.52,19
162089,64.52,19.25
162291,64.52,19.25
162493,64.52,19.25
162694,64.52,19.25
162895,64.52,19
163097,64.52,19.25
163299,64.52,19.25
163500,64.52,19.25
163701,64.52,19
163903,64.52,19.25
164105,64.52,19
164305,67.45,19.25
164507,67.45,19.25
164709,64.52,19.25
164911,64.52,19
165111,64.52,19.25
165313,67.45,19
165515,67.45,19.25
165715,67.45,19.25
165917,64.52,19.25
166119,67.45,19.25
166321,64.52,19.25
166521,67.45,19.25
166723,70.38,19.25
166925,64.52,19.25
167127,64.52,19.25
167327,64.52,19
167529,64.52,19.25
167731,64.52,19
167932,61.58,19.25
168133,64.52,19
168335,67.45,19
168537,64.52,19.25
168737,64.52,19.25
168939,64.52,19
169141,61.58,19.25
169342,64.52,19.25
169543,64.52,19.25
169745,61.58,19
169947,64.52,19.25
170148,67.45,19.25
170349,64.52,19
170551,64.52,19
170753,67.45,19.25
170954,64.52,19
171155,61.58,19
171357,64.52,19
171558,64.52,19.25
171759,67.45,19
171961,67.45,19
172163,64.52,19
172364,64.52,19.25
172565,67.45,19
172767,64.52,19.25
172968,67.45,19
173170,64.52,19.25
173371,64.52,19
173573,61.58,19
173774,64.52,19
173975,64.52,19
174177,64.52,19
174379,64.52,19.25
174580,64.52,19
174781,64.52,19
174983,64.52,19
175184,64.52,19
175386,70.38,19
175587,64.52,19
175789,67.45,19.25
175990,64.52,19
176192,67.45,19
176393,64.52,19
176594,73.31,19
176796,61.58,19
176997,61.58,19
177199,67.45,19
177400,64.52,19
177602,64.52,19
177803,64.52,19
178004,61.58,19
178206,64.52,19
178408,64.52,19
178609,64.52,19.25
178810,73.31,19.25
179012,64.52,19
179213,64.52,19
179415,61.58,19
179616,64.52,19
179818,64.52,19.25
180019,67.45,19
180220,64.52,19
180422,67.45,19
180624,67.45,19.25
180825,64.52,19
181026,64.52,19.25
181228,64.52,19
181429,64.52,19
181630,64.52,19
181832,64.52,19
182034,61.58,19.25
182235,61.58,19.25
182436,61.58,19.25
182638,64.52,19.25
182840,64.52,19
183041,61.58,19
183242,61.58,19.25
183444,64.52,19.25
183646,64.52,19
183846,67.45,19.25
184048,64.52,19.25
184250,67.45,19.25
184451,67.45,19.25
184652,61.58,19.25
184854,64.52,19.25
185056,64.52,19.25
185256,64.52,19.25
185458,61.58,19.25
185660,64.52,19.25
185862,64.52,19.25
186062,64.52,19.25
186264,64.52,19.25
186466,64.52,19.25
186668,64.52,19.25
186868,64.52,19.25
187070,70.38,19.25
187272,64.52,19.25
187473,67.45,19.25
187674,64.52,19.25
187876,61.58,19.25
188078,64.52,19.25
188278,64.52,19
188480,64.52,19
188682,67.45,19.25
188883,64.52,19.25
189084,61.58,19.25
189286,61.58,19
189488,67.45,19.25
189689,61.58,19.25
189890,67.45,19
190092,64.52,19.25
190294,64.52,19.25
190495,67.45,19.25
190696,64.52,19
190898,64.52,19
191099,64.52,19.25
191301,64.52,19.25
191502,64.52,19.25
191704,67.45,19.25
191905,67.45,19
192106,64.52,19
192308,61.58,19
192509,64.52,19
192711,70.38,19.25
192912,61.58,19
193114,64.52,19
193315,61.58,19.25
193517,64.52,19
193718,64.52,19
193920,67.45,19.25
194121,64.52,19
194322,64.52,19
194524,64.52,19
194725,64.52,19
194927,64.52,19
195128,64.52,19
195330,64.52,19
195531,64.52,19
195733,61.58,19
195934,61.58,19
196135,64.52,19
196337,61.58,19.25
196538,64.52,19.25
196740,64.52,19.25
196941,64.52,19
197143,64.52,19.25
197344,64.52,19
197545,64.52,19.25
197747,64.52,19.25
197949,67.45,19
198150,64.52,19
198351,61.58,19
198553,64.52,19
198755,64.52,19
198956,64.52,19.25
199157,64.52,19.25
199359,61.58,19
199560,61.58,19
199761,61.58,19.25
199963,64.52,19.25
200165,64.52,19
200366,64.52,19
200567,64.52,19.25
200769,64.52,19.25
200971,64.52,19.25
201171,64.52,19.25
201373,64.52,19.25
201575,64.52,19
201777,61.58,19.25
201977,61.58,19.25
202179,61.58,19.25
202381,64.52,19.25
202583,64.52,19.25
202783,64.52,19.25
202985,64.52,19.25
203187,64.52,19.25
203388,64.52,19.25
203589,67.45,19.25
203791,64.52,19.25
203993,64.52,19.25
204193,67.45,19.25
204395,64.52,19.25
204597,64.52,19.25
204798,61.58,19.25
204999,64.52,19.25
205201,61.58,19.25
205403,64.52,19.25
205604,64.52,19.25
205805,64.52,19.25
206007,64.52,19.25
206209,67.45,19.25
206410,64.52,19.25
206611,64.52,19.25
206813,64.52,19.25
207014,61.58,19.25
207216,61.58,19.25
207417,61.58,19.25
207619,64.52,19.25
207820,64.52,19.25
208021,61.58,19.25
208223,64.52,19.25
208424,61.58,19.25
208626,64.52,19.25
208827,64.52,19.25
209029,61.58,19.25
209230,70.38,19.25
209432,64.52,19.25
209633,64.52,19.25
209835,64.52,19.25
210036,64.52,19.25
210238,61.58,19.25
210439,61.58,19.25
210640,64.52,19.25
210842,64.52,19.25
211044,64.52,19.25
211245,64.52,19.25
211446,64.52,19.25
211648,64.52,19.25
211849,64.52,19.25
212050,61.58,19.25
212252,64.52,19.25
212454,64.52,19.25
212655,61.58,19.25
212856,70.38,19.25
213058,64.52,19.25
213260,64.52,19.25
213460,61.58,19.25
213662,64.52,19.25
213864,61.58,19.25
214066,64.52,19.25
214266,64.52,19.25
214468,70.38,19.25
214670,64.52,19.25
214872,64.52,19.25
215072,64.52,19.25
215274,64.52,19.25
215476,64.52,19.25
215677,64.52,19.25
215878,61.58,19.25
216080,64.52,19.25
216282,67.45,19.25
216482,64.52,19.25
216684,64.52,19
216886,61.58,19.25
217088,64.52,19.25
217288,64.52,19
217490,64.52,19.25
217692,64.52,19.25
217893,67.45,19.25
218094,70.38,19.25
218296,64.52,19.25
218498,64.52,19.25
218699,61.58,19.25
218900,61.58,19
219102,64.52,19.25
219303,64.52,19.25
219504,67.45,19.25
219706,67.45,19.25
219908,64.52,19.25
220109,64.52,19.25
220310,64.52,19.25
220512,64.52,19.25
220713,61.58,19.25
220915,61.58,19.25
221116,64.52,19.25
221318,67.45,19.25
221519,70.38,19.25
221721,64.52,19.25
221922,64.52,19.25
222124,64.52,19.25
222325,58.65,19.25
222527,64.52,19.25
222728,64.52,19.25
222929,61.58,19.25
223131,67.45,19.25
223333,64.52,19.25
223534,67.45,19.25
223735,64.52,19.25
223937,58.65,19.25
224138,64.52,19.25
224339,64.52,19.25
224541,61.58,19.25
224743,64.52,19.25
224944,64.52,19.25
225145,70.38,19.25
225347,64.52,19.25
225549,64.52,19.25
225750,64.52,19.25
225951,61.58,19.25
226153,61.58,19.25
226355,64.52,19.25
226555,61.58,19.25
226757,64.52,19.25
226959,61.58,19.25
227161,64.52,19.25
227361,61.58,19.25
227563,64.52,19.25
227765,64.52,19.25
227966,61.58,19.25
228167,64.52,19.25
228369,64.52,19.25
228571,64.52,19.25
228771,64.52,19.25
228973,64.52,19.25
229175,64.52,19.25
229377,64.52,19.25
229577,64.52,19.25
229779,64.52,19.25
229981,61.58,19.25
230182,64.52,19.25
230383,64.52,19.25
230585,61.58,19.25
230787,61.58,19.25
230988,64.52,19.25
231189,64.52,19.25
231391,61.58,19.25
231592,64.52,19.25
231794,64.52,19.25
231995,67.45,19.25
232197,64.52,19.25
232398,61.58,19.25
232600,61.58,19.25
232801,64.52,19.25
233003,61.58,19.25
233204,61.58,19.25
233405,61.58,19.25
233607,61.58,19.25
233808,64.52,19.25
234010,64.52,19.25
234211,64.52,19.25
234413,61.58,19.25
234614,64.52,19.25
234816,64.52,19.25
235017,64.52,19.25
235218,64.52,19.25
235420,61.58,19.25
235622,58.65,19.25
235823,64.52,19.25
236024,64.52,19.25
236226,61.58,19.25
236428,64.52,19.25
236628,64.52,19.25
236830,64.52,19.25
237032,64.52,19.25
237234,64.52,19.25
237434,61.58,19.25
237636,61.58,19.25
237838,61.58,19.25
238039,61.58,18.5
238240,64.52,19
238442,70.38,19.25
238644,64.52,19.25
238844,61.58,19.25
239046,64.52,19.25
239248,61.58,19.25
239450,61.58,19.25
239650,61.58,19.25
239852,64.52,19.25
240054,61.58,19.25
240256,61.58,19.25
240456,64.52,19.25
240658,64.52,19.25
240860,64.52,19.25
241061,64.52,19.25
241262,61.58,19.5
241464,64.52,19.25
241666,64.52,19.25
241866,64.52,19.5
242068,61.58,19.5
242270,61.58,19.5
242471,61.58,19.5
242672,61.58,19.5
242874,64.52,19.5
243076,61.58,19.25
243277,61.58,19.5
243478,64.52,19.5
243680,67.45,19.5
243881,64.52,19.25
244083,61.58,19.5
244284,64.52,19.5
244486,64.52,19.25
244687,61.58,19.5
244888,64.52,19.5
245090,73.31,19.5
245292,64.52,19.5
245493,61.58,19.5
245694,64.52,19.5
245896,64.52,19.5
246097,61.58,19.5
246299,64.52,19.5
246500,64.52,19.5
246702,64.52,19.5
246903,64.52,19.5
247105,64.52,19.5
247306,61.58,19.5
247507,61.58,19.5
247709,61.58,19.5
247910,61.58,19.5
248112,61.58,19.5
248313,64.52,19.5
248515,61.58,19.25
248716,61.58,19.25
248918,58.65,19.5
249119,61.58,19.5
249321,61.58,19.5
249522,67.45,19.5
249723,64.52,19.5
249925,61.58,19.5
250126,61.58,19.5
250328,61.58,19.25
250529,61.58,19.5
250731,64.52,19.5
250932,64.52,19.5
251133,61.58,19.5
251335,61.58,19.5
251537,61.58,19.25
251738,61.58,19.25
251939,61.58,19.5
252141,64.52,19.5
252343,61.58,19.5
252544,67.45,19.25
252745,61.58,19.5
252947,64.52,19.5
253149,61.58,19.5
253349,64.52,19.25
253551,61.58,19.5
253753,64.52,19.25
253954,61.58,19.5
254155,67.45,19.5
254357,64.52,19.25
254559,61.58,19.5
254759,61.58,19.25
254961,58.65,19.5
255163,61.58,19.5
255365,61.58,19.5
255565,61.58,19.5
255767,64.52,19.5
255969,61.58,19.5
256171,58.65,19.5
256371,61.58,19.5
256573,64.52,19.5
256775,64.52,19.5
256975,64.52,19.5
257177,61.58,19.5
257379,61.58,19.5
257581,64.52,19.5
257781,61.58,19.5
257983,61.58,19.5
258185,61.58,19.5
258386,61.58,19.5
258587,61.58,19.5
258789,64.52,19.5
258991,61.58,19.5
259191,61.58,19.5
259393,61.58,19.5
259595,64.52,19.5
259796,64.52,19.5
259997,64.52,19.25
260199,61.58,19.5
260401,64.52,19.25
260602,61.58,19.25
260803,61.58,19.5
261005,64.52,19.25
261207,61.58,19.25
261408,64.52,19.25
261609,61.58,19.25
261811,61.58,19.5
262012,64.52,19.25
262213,64.52,19.25
262415,64.52,19.5
262617,64.52,19.25
262818,61.58,19.25
263019,61.58,19.5
263221,61.58,19.25
263422,58.65,19.5
263624,64.52,19.25
263825,64.52,19.25
264027,61.58,19.25
264228,70.38,19.5
264430,61.58,19.25
264631,61.58,19.25
264833,61.58,19.25
265034,61.58,19.25
265236,64.52,19.25
265437,61.58,19.25
265638,64.52,19.25
265840,61.58,19.25
266041,64.52,19.25
266243,64.52,19.25
266444,61.58,19.25
266646,64.52,19.25
266847,64.52,19.25
267048,64.52,19.25
267250,61.58,19.25
267452,61.58,19.25
267653,64.52,19.25
267854,61.58,19.25
268056,64.52,19.25
268258,64.52,19.25
268459,64.52,19.25
268660,61.58,19.25
268862,61.58,19.25
269064,64.52,19.25
269264,61.58,19.25
269466,61.58,19.25
269668,64.52,19.25
269869,64.52,19.25
270070,61.58,19.25
270272,58.65,19.25
270474,61.58,19.25
270674,64.52,19.25
270876,64.52,19.25
271078,64.52,19.25
271280,61.58,19.25
271480,64.52,19.25
271682,61.58,19.25
271884,64.52,19.25
272086,61.58,19.25
272286,58.65,19.25
272488,64.52,19.25
272690,61.58,19.25
272891,61.58,19.25
273092,64.52,19.25
273294,64.52,19.25
273496,64.52,19.25
273696,64.52,19.25
273898,58.65,19.25
274100,61.58,19.25
274301,61.58,19.25
274502,64.52,19.25
274704,61.58,19.25
274906,64.52,19.5
275107,64.52,19.25
275308,61.58,19.25
275510,61.58,19.25
275712,64.52,19.25
275913,64.52,19.25
276114,61.58,19.25
276316,64.52,19.25
276517,61.58,19.25
276719,61.58,19.25
276920,61.58,19.25
277122,64.52,19.25
277323,61.58,19.25
277525,64.52,19.25
277726,61.58,19.25
277927,61.58,19.25
278129,61.58,19.5
278330,61.58,19.25
278532,64.52,19.25
278733,64.52,19.25
278935,61.58,19.25
279136,61.58,19.25
279337,58.65,19.25
279539,61.58,19.25
279741,64.52,19.25
279942,64.52,19.5
280143,70.38,19.25
280345,64.52,19.5
280547,61.58,19.5
280748,64.52,19.25
280949,61.58,19.25
281151,64.52,19.5
281352,61.58,19.5
281553,61.58,19.25
281755,61.58,19.25
281957,61.58,19.25
282158,61.58,19.25
282359,58.65,19.25
282561,64.52,19.25
282763,61.58,19.25
282963,61.58,19.25
283165,61.58,19.25
283367,64.52,19.25
283569,64.52,19.25
283769,61.58,19.25
283971,61.58,19.25
284173,61.58,19.25
284375,58.65,19.25
284575,64.52,19.25
284777,64.52,19.25
284979,61.58,19.25
285179,64.52,19.25
285381,61.58,19.5
285583,61.58,19.25
285785,61.58,19.25
285985,61.58,19.5
286187,58.65,19.25
286389,64.52,19.25
286590,61.58,19.25
286791,64.52,19.25
286993,70.38,19.25
287195,61.58,19.25
287396,61.58,19.25
287597,61.58,19.5
287799,61.58,19.25
288001,58.65,19.5
288202,64.52,19.25
288403,61.58,19.25
288605,64.52,19.25
288806,61.58,19.25
289007,64.52,19.25
289209,55.72,19.25
289411,61.58,19.25
289612,64.52,19.25
289813,58.65,19.25
290015,64.52,19.25
290216,64.52,19.25
290418,64.52,19.25
290619,61.58,19.25
290821,64.52,19.25
291022,61.58,19.25
291224,58.65,19.25
291425,61.58,19.25
291627,64.52,19.25
291828,64.52,19.25
292030,61.58,19.25
292231,64.52,19.25
292432,70.38,19.25
292634,61.58,19.25
292835,61.58,19.25
293037,58.65,19.25
293238,61.58,19.25
293440,61.58,19.25
293641,61.58,19.25
293842,61.58,19.25
294044,61.58,19.25
294246,61.58,19.25
294447,64.52,19.25
294648,64.52,19.25
294850,58.65,19.25
295052,64.52,19.25
295252,61.58,19.25
295454,61.58,19.25
295656,61.58,19.25
295858,61.58,19.25
296058,64.52,19.25
296260,61.58,19.25
296462,61.58,19.25
296663,61.58,19.25
296864,61.58,19.25
297066,58.65,19.25
297268,61.58,19.25
297468,61.58,19.25
297670,61.58,19.25
297872,67.45,19.25
298074,64.52,19.25
298274,64.52,19.25
298476,58.65,19.25
298678,64.52,19.25
298880,61.58,19.25
299080,61.58,19.25
299282,64.52,19.25
299484,61.58,19.25
299685,61.58,19.25
299886,61.58,19.25
300088,61.58,19.25
300290,64.52,19.25
300491,61.58,19.25
300692,64.52,19.25
300894,61.58,19.25
301095,61.58,19.25
301296,61.58,19.25
301498,64.52,19.25
301700,61.58,19.25
301901,67.45,19.25
302102,61.58,19.25
302304,58.65,19.25
302505,61.58,19.25
302707,61.58,19.25
302908,61.58,19
303110,64.52,19.25
303311,61.58,19.25
303513,70.38,19.25
303714,64.52,19.25
303916,61.58,19.25
304117,61.58,19.25
304319,58.65,19.25
304520,64.52,19.25
304721,64.52,19
304923,61.58,19
305124,61.58,19.25
305326,61.58,19.25
305527,61.58,19.25
305729,61.58,19.25
305930,61.58,19.25
306131,58.65,19.25
306333,64.52,19.25
306535,64.52,19.25
306736,61.58,19.25
306937,61.58,19.25
307139,70.38,19.25
307341,61.58,19.25
307542,61.58,19.25
307743,61.58,19.25
307945,61.58,19.25
308147,61.58,19.25
308347,61.58,19
308549,64.52,19.25
308751,61.58,19.25
308952,61.58,19.25
309153,61.58,19.25
309355,61.58,19.25
309557,61.58,19.25
309757,61.58,19.25
309959,58.65,19.25
310161,64.52,19.25
310363,61.58,19
310563,67.45,19.25
310765,61.58,19.25
310967,61.58,19.25
311169,61.58,19.25
311369,61.58,19.25
311571,64.52,19.25
311773,61.58,19
311974,61.58,19.25
312175,64.52,19
312377,61.58,19
312579,64.52,19.25
312779,61.58,19
312981,61.58,19.25
313183,61.58,19
313384,61.58,19.25
313585,61.58,19.25
313787,67.45,19.25
313989,61.58,19.25
314190,61.58,19.25
314391,64.52,19.25
314593,61.58,19.25
314795,61.58,19.25
314996,64.52,19.25
315197,61.58,19.25
315399,64.52,19.25
315600,61.58,19.25
315801,61.58,19.25
316003,61.58,19
316205,61.58,19.25
316406,58.65,19
316607,61.58,19.25
316809,64.52,19.25
317010,61.58,19.25
317212,61.58,19.25
317413,61.58,19.25
317615,67.45,19
317816,64.52,19.25
318018,61.58,19.25
318219,64.52,19.25
318420,61.58,19.25
318622,61.58,19.25
318824,58.65,19
319025,61.58,19
319226,61.58,19.25
319428,61.58,19.25
319629,61.58,19
319831,61.58,19.25
320032,61.58,19.25
320234,61.58,19.25
320435,61.58,19
320636,64.52,19.25
320838,70.38,19.25
321040,61.58,19.25
321241,61.58,19.25
321442,64.52,19.25
321644,61.58,19.25
321846,58.65,19
322046,61.58,19.25
322248,61.58,19.25
322450,64.52,19.25
322651,70.38,19
322852,64.52,19.25
323054,61.58,19
323256,61.58,19.25
323457,58.65,19.25
323658,64.52,19.25
323860,61.58,19
324062,64.52,19.25
324262,61.58,19.25
324464,61.58,19.25
324666,61.58,19.25
324868,64.52,19.25
325068,58.65,19
325270,61.58,19.25
325472,58.65,19
325672,61.58,19.25
325874,61.58,19.25
326076,61.58,19.25
326278,67.45,19.25
326478,61.58,19.25
326680,64.52,19.25
326882,61.58,19.25
327084,61.58,19.25
327284,61.58,19.25
327486,61.58,19.25
327688,61.58,19.25
327889,64.52,19.25
328090,61.58,19.25
328292,64.52,19.25
328494,61.58,19.25
328695,61.58,19.25
328896,61.58,19.25
329098,58.65,19.25
329299,61.58,19.25
329500,61.58,19.25
329702,61.58,19.25
329904,61.58,19.25
330105,70.38,19.25
330306,61.58,19.25
330508,61.58,19.25
330710,61.58,19.25
330911,61.58,19.25
331112,61.58,19.25
331314,58.65,19.25
331515,64.52,19.25
331717,61.58,19.25
331918,61.58,19.25
332120,61.58,19.25
332321,64.52,19.25
332523,64.52,19.5
332724,64.52,19.25
332925,58.65,19.25
333127,64.52,19.25
333328,61.58,19.25
333530,61.58,19.25
333731,64.52,19.25
333933,61.58,19.25
334134,61.58,19.25
334336,67.45,19.25
334537,61.58,19.25
334739,64.52,19.25
334940,61.58,19.25
335141,61.58,19.25
335343,61.58,19.25
335545,61.58,19.25
335746,61.58,19.25
335947,61.58,19.25
336149,61.58,19.25
336351,61.58,19.25
336551,61.58,19.25
336753,61.58,19.25
336955,61.58,19.25
337156,61.58,19.25
337357,61.58,19.25
337559,61.58,19.25
337761,61.58,19.25
337961,61.58,19.25
338163,67.45,19.25
338365,61.58,19.25
338567,61.58,19.25
338767,61.58,19.25
338969,58.65,19.25
339171,64.52,19.25
339373,64.52,19.25
339573,61.58,19.25
339775,61.58,19.25
339977,67.45,19.25
340178,61.58,19.25
340379,61.58,19.25
340581,64.52,19.25
340783,64.52,19.25
340983,61.58,19.25
341185,58.65,19.25
341387,61.58,19.25
341588,64.52,19.25
341789,61.58,19.25
341991,70.38,19.5
342193,61.58,19.25
342394,61.58,19.25
342595,61.58,19.25
342797,64.52,19.5
342999,61.58,19.25
343200,61.58,19.25
343401,58.65,19.25
343603,61.58,19.25
343804,61.58,19.25
344006,64.52,19.25
344207,64.52,19.25
344409,64.52,19.25
344610,61.58,19.25
344811,61.58,19.25
345013,61.58,19.25
345214,61.58,19.25
345416,61.58,19.5
345617,61.58,19.25
345819,61.58,19.25
346020,61.58,19.25
346222,61.58,19.25
346423,61.58,19.25
346625,58.65,19.25
346826,61.58,19.25
347028,61.58,19.25
347229,61.58,19.25
347430,61.58,19.25
347632,61.58,19.25
347834,61.58,19.25
348035,61.58,19.25
348236,61.58,19.25
348438,58.65,19.25
348639,58.65,19.25
348840,58.65,19.25
349042,61.58,19.25
349244,61.58,19
349445,61.58,19.25
349646,61.58,19.25
349848,61.58,19.25
350050,61.58,19.25
350251,61.58,19
350452,61.58,19.25
350654,58.65,19.25
350856,61.58,19.25
351056,61.58,19.25
351258,61.58,19.25
351460,67.45,19.25
351661,61.58,19.25
351862,61.58,19.25
352064,64.52,19.25
352266,61.58,19.25
352466,64.52,19.25
352668,61.58,19.25
352870,61.58,19.25
353072,61.58,19.25
353272,58.65,19.25
353474,61.58,19.25
353676,61.58,19.25
353878,61.58,19.25
354078,64.52,19.25
354280,61.58,19.25
354482,58.65,19.25
354683,61.58,19.25
354884,61.58,19.25
355086,64.52,19.25
355288,64.52,19.25
355489,67.45,19.25
355690,70.38,19.25
355892,61.58,19.25
356093,61.58,19.25
356294,61.58,19.25
356496,64.52,19
356698,58.65,19.25
356899,61.58,19.25
357100,61.58,19
357302,58.65,19.25
357504,67.45,19.25
357705,70.38,19.25
357906,67.45,19.25
358108,61.58,19.25
358309,61.58,19.25
358511,61.58,19.25
358712,61.58,19.25
358914,58.65,19.25
359115,61.58,19.25
359317,61.58,19.25
359518,64.52,19.25
359719,61.58,19.25
359921,64.52,19.25
360122,61.58,19.25
360324,61.58,19.25
360525,61.58,19.25
360727,61.58,19.25
360928,64.52,19.25
361129,61.58,19.25
361331,61.58,19.25
361533,64.52,19.25
361734,61.58,19.25
361935,64.52,19.25
362137,67.45,19.25
362339,64.52,19.25
362540,61.58,19.25
362741,61.58,19.25
362943,61.58,19.25
363145,61.58,19.25
363345,61.58,19.25
363547,61.58,19.25
363749,61.58,19.25
363950,61.58,19.25
364151,64.52,19.25
364353,58.65,19.25
364555,61.58,19.25
364755,61.58,19.25
364957,64.52,19.25
365159,64.52,19.25
365361,61.58,19.25
365561,61.58,19.25
365763,58.65,19.25
365965,61.58,19.25
366167,61.58,19.25
366367,61.58,19.25
366569,61.58,19.25
366771,61.58,19
366972,61.58,19.25
367173,61.58,19.25
367375,61.58,19.25
367577,61.58,19.25
367777,58.65,19.25
367979,58.65,19.25
368181,61.58,19.25
368382,61.58,19.25
368583,61.58,19.25
368785,61.58,19.25
368987,58.65,19.25
369188,61.58,19.25
369389,64.52,19.25
369591,61.58,19.25
369793,58.65,19.25
369994,61.58,19.25
370195,61.58,19.25
370397,61.58,19.25
370598,64.52,19.25
370800,61.58,19.25
371001,61.58,19.25
371203,58.65,19.25
371404,61.58,19.25
371605,61.58,19.25
371807,61.58,19.25
372008,67.45,19.25
372210,61.58,19.25
372411,64.52,19.25
372613,64.52,19.25
372814,61.58,19.25
373016,61.58,19.5
373217,58.65,19.5
373419,61.58,19.25
373620,61.58,19.25
373822,61.58,19.25
374023,61.58,19.25
374224,64.52,19.25
374426,61.58,19.25
374628,61.58,19.25
374829,61.58,19.25
375030,61.58,19.25
375232,58.65,19.25
375433,58.65,19.25
375634,61.58,19.25
375836,61.58,19.25
376038,64.52,19.25
376239,61.58,19.25
376440,61.58,19.25
376642,61.58,19.25
376844,61.58,19.25
377044,61.58,19.25
377246,61.58,19.25
377448,58.65,19.25
399810,61.58,19.25
400011,61.58,19.25
400212,61.58,19.25
400414,61.58,19.25
400615,58.65,19.25
400817,61.58,19.25
401018,61.58,19.25
401220,61.58,19.25
401421,58.65,19.25
401623,58.65,19.25
401824,61.58,19.25
402026,61.58,19.25
402227,61.58,19.25
402428,64.52,19.25
402630,61.58,19.25
402832,61.58,19.25
403033,61.58,19.25
403234,61.58,19.25
403436,61.58,19.25
403638,61.58,19.25
403838,61.58,19.25
404040,61.58,19.25
404242,61.58,19.25
404443,58.65,19.25
404644,61.58,19.25
404846,58.65,19.25
405048,58.65,19.25
405249,58.65,19.25
405450,61.58,19.25
405652,61.58,19.25
405854,61.58,19.25
406054,58.65,19.25
406256,61.58,19.25
406458,61.58,19.25
406660,61.58,19.25
406860,58.65,19.25
407062,64.52,19.25
407264,58.65,19.25
407465,61.58,19.25
407666,61.58,19.25
407868,61.58,19.25
408070,58.65,19
408270,61.58,19.25
408472,61.58,19.25
408674,61.58,19.25
408876,58.65,19
409076,61.58,19
409278,61.58,19.25
409480,61.58,19.25
409681,58.65,19
409882,58.65,19.25
410084,61.58,19.25
410286,61.58,19.25
410487,64.52,19.25
410688,58.65,19.25
410890,61.58,19.25
411091,61.58,19.25
411292,61.58,19.25
411494,61.58,19.25
411696,58.65,19.25
411897,61.58,19.25
412098,58.65,19.25
412300,61.58,19.25
412502,61.58,19.25
412703,61.58,19.25
412904,61.58,19.25
413106,61.58,19.25
413307,61.58,19.25
413509,61.58,19.25
413710,64.52,19.25
413912,61.58,19.25
414113,61.58,19.25
414315,61.58,19.25
414516,61.58,19.25
414717,58.65,19.25
414919,64.52,19.25
415120,61.58,19.25
415322,61.58,19.25
415523,61.58,19.25
415725,58.65,19
415926,61.58,19.25
416128,61.58,19.25
416329,61.58,19.25
416531,61.58,19.25
416732,61.58,19.25
416933,58.65,19.25
417135,58.65,19.25
417337,61.58,19.25
417538,61.58,19.25
417739,64.52,19.25
417941,58.65,19.25
418143,61.58,19.25
418343,61.58,19.25
418545,55.72,19.25
418747,61.58,19.25
418948,55.72,19.25
419149,64.52,19.25
419351,61.58,19.25
419553,61.58,19.25
419753,61.58,19.25
419955,58.65,19.25
420157,61.58,19.25
420359,61.58,19.25
420559,61.58,19.25
420761,61.58,19.25
420963,58.65,19.25
421165,61.58,19.25
421365,61.58,19.25
421567,61.58,19.25
421769,61.58,19.25
421970,61.58,19.25
422171,58.65,19.25
422373,58.65,19.25
422575,61.58,19.25
422775,61.58,19.5
422977,64.52,19.25
423179,61.58,19.25
423380,61.58,19.25
423581,61.58,19.5
423783,58.65,19.25
423985,64.52,19.5
424186,61.58,19.25
424387,61.58,19.25
424589,61.58,19.5
424791,61.58,19.25
424992,58.65,19.25
425193,58.65,19.25
425395,61.58,19.25
425596,61.58,19.5
425798,61.58,19.25
425999,61.58,19.25
426201,61.58,19.25
426402,67.45,19.25
426603,64.52,19.25
426805,61.58,19.25
427006,58.65,19.25
427208,61.58,19.25
427409,61.58,19.25
427611,61.58,19.25
427812,61.58,19.5
428014,61.58,19.25
428215,61.58,19.25
428417,64.52,19.25
428618,64.52,19.25
428820,61.58,19.25
429021,58.65,19.25
429222,61.58,19.5
429424,61.58,19.25
429626,61.58,19.25
429827,61.58,19.25
430028,61.58,19.25
430230,61.58,19.25
430431,61.58,19.5
430632,61.58,19.25
430834,61.58,19.25
431036,61.58,19.25
431237,61.58,19.25
431438,58.65,19.5
431640,61.58,19.25
431842,61.58,19.25
432043,61.58,19.5
432244,58.65,19.25
432446,64.52,19.25
432648,64.52,19.5
432848,61.58,19.25
433050,61.58,19.25
433252,61.58,19.25
433453,61.58,19.5
433654,61.58,19.25
433856,61.58,19.25
434058,61.58,19.25
434258,61.58,19.25
434460,58.65,19.5
434662,61.58,19.25
434864,61.58,19.5
435064,61.58,19.25
435266,61.58,19.25
435468,61.58,19.25
435670,61.58,19.5
435870,61.58,19.25
436072,61.58,19.25
436274,61.58,19.25
436475,61.58,19.25
436676,61.58,19.5
436878,61.58,19.5
437080,61.58,19.5
437280,61.58,19.25
437482,61.58,19.5
437684,58.65,19.25
437885,61.58,19.25
438086,61.58,19.25
438288,61.58,19.5
438490,70.38,19.25
438691,61.58,19.5
438892,61.58,19.25
439094,61.58,19.25
439296,58.65,19.5
439497,61.58,19.5
439698,61.58,19.25
439900,61.58,19.25
440101,61.58,19.25
440302,61.58,19.25
440504,64.52,19.25
440706,61.58,19.25
440907,61.58,19.25
441108,61.58,19.25
441310,64.52,19.25
441511,61.58,19.25
441713,58.65,19.25
441914,61.58,19.25
442116,61.58,19.25
442317,58.65,19.25
442519,64.52,19.25
442720,67.45,19.25
442921,58.65,19.25
443123,61.58,19.25
443325,61.58,19.25
443526,61.58,19.25
443727,58.65,19.25
443929,61.58,19.25
444130,61.58,19.25
444332,61.58,19.25
444533,61.58,19.25
444735,58.65,19.25
444936,67.45,19.25
445137,61.58,19.25
445339,61.58,19.25
445541,61.58,19.5
445742,58.65,19.25
445943,61.58,19.25
446145,61.58,19.25
446347,58.65,19.5
446547,64.52,19.25
446749,61.58,19.25
446951,61.58,19.25
447153,61.58,19.25
447353,58.65,19.25
447555,61.58,19.25
447757,61.58,19.25
447958,61.58,19.25
448159,61.58,19.25
448361,61.58,19.25
448563,61.58,19.25
448763,61.58,19.25
448965,61.58,19.25
449167,67.45,19.25
449369,61.58,19.25
449569,61.58,19.25
449771,61.58,19.25
449973,61.58,19.5
450174,58.65,19.25
450375,58.65,19.25
450577,61.58,19.25
450779,61.58,19.25
450980,61.58,19.5
451181,61.58,19.25
451383,61.58,19.25
451585,64.52,19.25
451785,61.58,19.25
451987,61.58,19.25
452189,61.58,19.25
452390,61.58,19.25
452591,61.58,19.25
452793,61.58,19.25
452995,61.58,19.25
453196,61.58,19.25
453397,61.58,19.25
453599,61.58,19.25
453800,58.65,19.25
454002,61.58,19.25
454203,58.65,19.25
454405,61.58,19.25
454606,61.58,19.25
454808,58.65,19.25
455009,58.65,19.25
455211,61.58,19.25
455412,61.58,19.25
455613,61.58,19.25
455815,64.52,19.25
456016,61.58,19.25
456218,61.58,19.25
456419,61.58,19.25
456621,58.65,19.25
456822,55.72,19.25
457024,58.65,19.25
457225,58.65,19.25
457426,58.65,19.25
457628,58.65,19.25
457830,61.58,19.25
458031,61.58,19.25
458232,61.58,19.25
458434,61.58,19.25
458636,58.65,19.25
458836,61.58,19.25
459038,61.58,19.25
459240,58.65,19.25
459441,61.58,19.25
459642,61.58,19.25
459844,58.65,19.25
460046,61.58,19.25
460247,61.58,19.25
460448,58.65,19.25
460650,61.58,19.25
460852,61.58,19.25
461052,61.58,19.25
461254,61.58,19.5
461456,58.65,19.25
461658,61.58,19.25
461858,61.58,19.25
462060,61.58,19.25
462262,61.58,19.25
462464,58.65,19.25
462664,61.58,19.25
462866,61.58,19.25
463068,61.58,19.25
463268,61.58,19.25
463470,61.58,19.25
463672,58.65,19.25
463874,61.58,19.25
464074,61.58,19.25
464276,61.58,19.25
464478,58.65,19.25
464679,61.58,19.25
464880,61.58,19.25
465082,58.65,19.25
465284,61.58,19.25
465485,61.58,19.25
465686,61.58,19.25
465888,64.52,19.25
466089,61.58,19.25
466291,61.58,19.25
466492,58.65,19.25
466694,61.58,19.25
466895,61.58,19.25
467096,58.65,19.25
467298,61.58,19.25
467500,61.58,19.25
467701,61.58,19.25
467902,61.58,19.25
468104,58.65,19.25
468305,61.58,19.25
468507,61.58,19.25
468708,58.65,19.25
468910,58.65,19.5
469111,61.58,19.25
469313,61.58,19.25
469514,58.65,19.25
469715,64.52,19.25
469917,61.58,19.25
470119,55.72,19.25
470320,55.72,19.25
470521,61.58,19.25
470723,58.65,19.25
470924,61.58,19.25
471126,58.65,19.25
471327,61.58,19.25
471529,61.58,19.25
471730,61.58,19.25
471931,61.58,19.25
472133,61.58,19.25
472335,61.58,19.25
472536,64.52,19.25
472737,61.58,19.25
472939,58.65,19.25
473141,58.65,19.25
473341,58.65,19.25
473543,61.58,19.25
473745,61.58,19.25
473947,67.45,19.25
474147,67.45,19.25
474349,61.58,19.25
474551,61.58,19.25
474752,61.58,19.25
474953,55.72,19.25
475155,61.58,19.25
475357,61.58,19.25
475557,61.58,19.25
475759,61.58,19.25
475961,61.58,19.25
476163,61.58,19.25
476363,61.58,19.25
476565,58.65,19.25
476767,61.58,19.25
476968,61.58,19.25
477169,61.58,19.25
477371,58.65,19.25
477573,58.65,19.25
477774,61.58,19.25
477975,58.65,19.25
478177,58.65,19.25
478379,61.58,19.25
478579,58.65,19.25
478781,61.58,19.25
478983,64.52,19.25
479184,61.58,19.25
479385,58.65,19.25
479587,55.72,19.25
479789,61.58,19.25
479990,61.58,19.25
480191,61.58,19.25
480393,58.65,19.25
480594,58.65,19.25
480796,61.58,19.25
480997,61.58,19.25
481199,58.65,19.25
481400,64.52,19.25
481602,61.58,19.25
481803,61.58,19.25
482004,58.65,19.25
482206,61.58,19.25
482408,61.58,19.25
482609,61.58,19.25
482810,61.58,19.25
483012,58.65,19.25
483213,61.58,19.25
483415,61.58,19.25
483616,61.58,19.25
483818,67.45,19.25
484019,58.65,19.25
484220,61.58,19.25
484422,61.58,19.25
484624,67.45,19.25
484825,61.58,19.25
485026,58.65,19.25
485228,61.58,19
485430,64.52,19.25
485630,67.45,19
485832,61.58,19.25
486034,58.65,19.25
486236,61.58,19.25
486436,61.58,19.25
486638,58.65,19.25
486840,61.58,19.25
487041,61.58,19
487242,58.65,19.25
487444,58.65,19.25
487646,67.45,19.25
487846,64.52,19.25
488048,61.58,19.25
488250,61.58,19.25
488452,61.58,19.25
488652,58.65,19.25
488854,58.65,19.25
489056,61.58,19.25
489257,58.65,19.25
489458,64.52,19.25
489660,61.58,19.25
489862,58.65,19
490062,58.65,19.25
490264,64.52,19.25
490466,61.58,19.25
490668,58.65,19.25
490868,61.58,19.25
491070,58.65,19.25
491272,58.65,19.25
491473,61.58,19.25
491674,61.58,19.25
491876,58.65,19.25
492078,61.58,19.25
492279,61.58,19.25
492480,61.58,19.25
492682,61.58,19.25
492883,61.58,19.25
493085,61.58,19.25
493286,61.58,19.25
493488,64.52,19.25
493689,58.65,19.25
493890,61.58,19.25
494092,58.65,19.25
494294,58.65,19.25
494495,61.58,19.25
494696,61.58,19.25
494898,58.65,19.25
495099,61.58,19.25
495301,61.58,19.25
495502,55.72,19.25
495704,61.58,19.25
495905,61.58,19.25
496107,58.65,19.25
496308,61.58,19.25
496509,61.58,19.25
496711,58.65,19.25
496913,58.65,19.25
497114,61.58,19.25
497315,61.58,19.25
497517,61.58,19.25
497719,58.65,19.25
497920,58.65,19.25
498121,58.65,19.25
498323,61.58,19.25
498524,61.58,19.25
498725,61.58,19.25
498927,61.58,19.25
499129,61.58,19.25
499330,61.58,19.25
499531,61.58,19.25
499733,67.45,19.25
499935,61.58,19.25
500135,61.58,19
500337,61.58,19.25
500539,58.65,19.25
500741,58.65,19.25
500941,61.58,19.25
501143,64.52,19.25
501345,61.58,19.25
501547,61.58,19.25
501747,61.58,19.25
501949,61.58,19
502151,58.65,19.25
502351,61.58,19.25
502553,70.38,19.25
502755,58.65,19.25
502957,58.65,19.25
503157,58.65,19
503359,61.58,19.25
503561,61.58,19.25
503762,61.58,19.25
503963,58.65,19.25
504165,61.58,19.25
504367,61.58,19.25
504568,61.58,19
504769,55.72,19
504971,58.65,19.25
505172,58.65,19.25
505373,61.58,19.25
505575,61.58,19.25
505777,61.58,19.25
505978,58.65,19.25
506179,58.65,19.25
506381,61.58,19.25
506583,61.58,19
506784,61.58,19.25
506985,61.58,19
507187,61.58,19.25
507388,61.58,19.25
507590,58.65,19.25
507791,58.65,19
507993,61.58,19.25
508194,64.52,19.25
508396,61.58,19.25
508597,64.52,19.25
508798,58.65,19.25
509000,58.65,19.25
509201,58.65,19.25
509403,58.65,19
509604,58.65,19.25
509806,67.45,19.25
510007,58.65,19.25
510209,58.65,19
510410,67.45,19.25
510612,61.58,19
510813,61.58,19.25
511014,61.58,19
511216,58.65,19.25
511418,61.58,19.25
511619,58.65,19.25
511820,58.65,19.25
512022,58.65,19.25
512224,61.58,19.25
512424,61.58,19.25
512626,58.65,19.25
512828,58.65,19.25
513029,61.58,19
513230,61.58,19
513432,61.58,19
513634,58.65,19.25
513835,58.65,19.25
514036,61.58,19.25
514238,58.65,19.25
514440,61.58,19.25
514640,58.65,19.25
514842,64.52,19.25
515044,58.65,19.25
515246,61.58,19.25
515446,61.58,19.25
515648,61.58,19.25
515850,58.65,19.25
516051,61.58,19
516252,58.65,19.25
516454,61.58,19.25
516656,61.58,19.25
516856,61.58,19.25
517058,58.65,19.25
517260,61.58,19.25
517462,58.65,19.25
517662,61.58,19.25
517864,58.65,19.25
518066,61.58,19.25
518267,61.58,19.25
518468,61.58,19.25
518670,61.58,19.25
518872,58.65,19.25
519073,61.58,19.25
519274,61.58,19.25
519476,61.58,19.25
519677,58.65,19.25
519878,61.58,19.25
520080,61.58,19.25
520282,61.58,19.25
520483,61.58,19.25
520684,61.58,19.25
520886,61.58,19.25
521088,61.58,19.25
521289,64.52,19.25
521490,61.58,19.25
521692,61.58,19.25
521893,61.58,19.25
522095,58.65,19.25
522296,61.58,19.25
522498,61.58,19.25
522699,61.58,19.25
522901,58.65,19.25
523102,61.58,19.25
523303,61.58,19.25
523505,61.58,19.25
523706,61.58,19.25
523908,61.58,19.25
524109,58.65,19.25
524311,58.65,19.25
524512,61.58,19.25
524713,58.65,19.25
524915,58.65,19.25
525117,61.58,19.25
525318,61.58,19.25
525519,58.65,19.25
525721,61.58,19.25
525923,58.65,19.25
526124,58.65,19.25
526325,61.58,19.25
526527,58.65,19.25
526729,61.58,19.25
526929,55.72,19.25
527131,58.65,19.25
527333,55.72,19.25
527534,58.65,19.25
527735,58.65,19.25
527937,55.72,19.25
528139,58.65,19.25
528339,55.72,19.25
528541,55.72,19.25
528743,55.72,19.5
528945,52.79,19.5
529145,55.72,19.25
529347,52.79,19.5
529549,52.79,19.25
529751,49.85,19.5
529951,49.85,19.25
530153,49.85,19.25
530355,49.85,19.25
530556,46.92,19.25
530757,46.92,19.25
530959,43.99,19.25
531161,43.99,19.25
531362,43.99,19.25
531563,43.99,19.25
531765,41.06,19.25
531966,41.06,19.25
532167,41.06,19.25
532369,41.06,19.25
532571,41.06,19.25
532772,38.12,19.25
532973,38.12,19.25
533175,38.12,19.5
533377,38.12,19.25
533578,38.12,19.25
533779,35.19,19.5
533981,35.19,19.25
534182,35.19,19.25
534384,35.19,19.25
534585,35.19,19.25
534787,35.19,19.25
534988,35.19,19.25
535189,29.33,19.25
535391,32.26,19.25
535592,29.33,19.25
535794,32.26,19.25
535995,29.33,19.25
536197,29.33,19.25
536398,29.33,19.5
536600,29.33,19.25
536801,29.33,19.25
537003,29.33,19.5
537204,29.33,19.25
537406,26.39,19.25
537607,26.39,19.25
537808,26.39,19.25
538010,23.46,19.25
538212,26.39,19.25
538413,26.39,19.25
538614,26.39,19.25
538816,20.53,19.5
539018,23.46,19.25
539218,23.46,19.25
539420,20.53,19.25
539622,23.46,19.25
539823,23.46,19.25
540024,20.53,19.25
540226,20.53,19.25
540428,26.39,19.25
540628,20.53,19.25
540830,23.46,19.25
541032,20.53,19.25
541234,20.53,19.25
541434,20.53,19.25
541636,20.53,19.25
541838,17.6,19.25
542040,17.6,19.25
542240,17.6,19.25
542442,17.6,19.25
542644,17.6,19.25
542845,17.6,19.25
543046,17.6,19.25
543248,14.66,19.25
543450,14.66,19.25
543650,14.66,19.25
543852,14.66,19.25
544054,14.66,19.25
544256,11.73,19.25
544456,11.73,19.25
544658,14.66,19.25
544860,8.8,19.25
545061,14.66,19.25
545262,11.73,19.25
545464,11.73,19.25
545666,11.73,19.25
545867,11.73,19.25
546068,11.73,19.25
546270,11.73,19.25
546471,8.8,19.25
546672,11.73,19.25
546874,11.73,19.25
547076,11.73,19.25
547277,8.8,19.25
547478,8.8,19.25
547680,14.66,19.25
547881,8.8,19.25
548082,8.8,19.25
548284,8.8,19.25
548486,8.8,19.25
548686,5.87,19
548888,8.8,19.25
549090,5.87,19.25
549292,5.87,19.25
549492,5.87,19.25
549694,5.87,19.25
549896,5.87,19.25
550096,5.87,19.25
550298,11.73,19.25
550500,11.73,19
550701,5.87,19.25
550902,5.87,19.25
551104,8.8,19.25
551306,0,19
551506,5.87,19
551708,2.93,19
551910,2.93,19
552111,2.93,19
552312,2.93,19.25
552514,2.93,19.25
552715,5.87,19
552916,2.93,19.25
553118,2.93,19
553319,2.93,19
553521,2.93,19.25
553722,2.93,19
553923,2.93,19.25
554125,0,19.25
554327,2.93,19.25
554527,0,19.25
554729,0,19
554931,0,19
555131,0,19
555333,0,19
555535,0,19
555736,0,19.25
555937,0,19
556139,0,19
556340,0,19
556541,0,19.25
556742,0,19
556944,0,19
557146,0,19
557346,0,19
557548,0,19.25
557750,0,19
557950,0,19
558152,0,19
558353,0,19
558555,0,19.25
558756,0,19
558957,0,19.25
559159,0,19
559361,0,19
559561,0,19
559763,0,19.25
559965,0,19
560165,0,19.25
560367,0,19.25
560568,0,19.25
560770,0,19.25
560971,0,19
561172,0,19
561374,0,19.25
561575,0,19.25
561776,0,19.25
561978,0,19.25
562180,0,19.25
562380,0,19.25
562582,0,19
562783,0,19.25
562984,0,19.25
563186,0,19.25
563387,0,19
563589,0,19.25
563790,0,19.25
563991,0,19.25
564193,0,19.25
564395,0,19.25
564595,0,19.25
564797,0,19.25
564999,0,19.25
565199,0,19.25
565401,0,19.25
565602,0,19.25
565804,0,19.25
566005,0,19
566206,0,19.25
566408,0,19.25
566609,0,19.25
566810,0,19
567012,0,19.25
567214,0,19.25
567414,0,19.25
567616,0,19.25
567817,0,19.25
568018,0,19.25
568220,0,19.25
568421,0,19.25
568623,0,19.25
568824,0,19.25
569025,0,19.25
569227,0,19.25
569428,0,19.25
569629,0,19.25
569831,0,19.25
570033,0,19.25
570233,0,19.25
570435,0,19.25
570636,0,19.25
570838,0,19
571039,0,19
571240,0,19.25
571442,0,19.25
571643,0,19
571844,0,19.25
572046,0,19.25
572248,0,19.25
572448,0,19.25
572650,0,19.25
572852,0,19
573052,0,19.25
573254,0,19.25
573455,0,19.25
573657,0,19.25
573858,0,19
574059,0,19
574261,0,19
574462,0,19.25
574663,0,19
574865,0,19
575066,0,19.25
575267,0,19
575469,0,19
575670,0,19
575872,0,19.25
576073,0,19.25
576274,0,19.25
576476,0,19.25
576677,0,19.25
576878,0,19.25
577080,0,19.25
577281,0,19
577482,0,19.25
577684,0,19.25
577885,0,19.25
578086,0,19.25
578288,0,19
578489,0,19.25
578691,0,19.25
578892,0,19.25
579093,0,19.25
579295,0,19.25
579496,0,19.25
579697,0,19.25
579899,0,19.25
580100,0,19.25
580301,0,19
580503,0,19.25
580704,0,19.25
580905,0,19.25
581107,0,19.25
581308,0,19.25
581510,0,19.25
581711,0,19.25
581912,0,19.25
582114,0,19.25
582316,0,19.25
582516,0,19.25
582718,0,19.25
582919,0,19.25
583120,0,19.25
583322,0,19.25
583523,0,19.25
583725,0,19.25
583926,0,19.25
584127,0,19.25
584329,0,19.25
584530,0,19
584731,0,19
584933,0,19
585134,0,19.25
585335,0,19
585537,0,19.25
585738,0,19.25
585939,0,19.25
586141,0,19.25
586342,0,19.25
586544,0,19.25
586745,0,19.25
586946,0,19
587148,0,19.25
587348,0,19
587550,0,19.25
587752,0,19.25
587953,0,19
588154,0,19.25
588356,0,19
588557,0,19
588759,0,19.25
588960,0,19.25
589161,0,19.25
589363,0,19
589563,0,19
589765,0,19
589967,0,19.25
590168,0,19
590369,0,19.25
590571,0,19
590772,0,19
590973,0,19
591175,0,19
591376,0,19
591578,0,19.25
591778,0,19
591980,0,19.25
592182,0,19
592382,0,19
592584,0,19.25
592786,0,19
592987,0,19
593188,0,19
593390,0,19.25
593591,0,19.25
593793,0,19.25
593993,0,19.25
594195,0,19
594397,0,19.25
594597,0,19
594799,0,19.25
595001,0,19
595202,0,19
595403,0,19.25
595605,0,19
595806,0,19.25
596007,0,19
596208,0,19
596410,0,19
596612,0,19
596812,0,19
597014,0,19
597216,0,19
597416,0,19
597618,0,19
597820,0,19
598021,0,19
598222,0,19
598423,0,19.25
598625,0,19
598827,0,19
599027,0,19.25
599229,0,19
599431,0,19.25
599631,0,19
599833,0,19
600035,0,19
600236,0,19.25
600437,0,19
600638,0,19
600840,0,19
601041,0,19
601242,0,19
601444,0,19.25
601646,0,19.25
601846,0,19
602048,0,19
602249,0,19
602450,0,19.25
602652,0,19.25
602853,0,19.25
603055,0,19
603256,0,19.25
603457,0,19.25
603659,0,19.25
603860,0,19.25
604061,0,19.25
604263,0,19
604465,0,19.25
604665,0,19
604867,0,19
605068,0,19
605270,0,19.25
605471,0,19.25
605672,0,19.25
605874,0,19.25
606075,0,19.25
606276,0,19.25
606478,0,19.25
606680,0,19.25
606880,0,19.25
607082,0,19.25
607283,0,19.25
607484,0,19.25
607686,0,19.25
607887,0,19.25
608089,0,19.25
608290,0,19.25
608491,0,19.25
608693,0,19.25
608894,0,19.25
609095,0,19.25
